Tag,Usage Count,Type
"SUMMARY: 558 unique tags, 261574 total occurrences across 490546 contacts out of 490546 total contacts","","Summary"
"Renovating.org Newsletter",40254,"User Tag"
"PRS SUMMIT REGISTRATION",15849,"User Tag"
"!KyleTestUpdateTag",10568,"User Tag"
"EMFHMB Registration",8190,"User Tag"
"2021 HSS Attendee",7805,"User Tag"
"2020 Leadership Summit Registration",7426,"User Tag"
"Long Covid Masterclass Attendee",6493,"User Tag"
"Save My Thyroid Attendee",6482,"User Tag"
"2021 Common Sense Reg",5931,"User Tag"
"2019 Leadership Summit Registrant",5172,"User Tag"
"EMF Masterclass Attendee",4471,"User Tag"
"OPS Registration",4446,"User Tag"
"OP Engineering says: Contact Unverified",4434,"User Tag"
"SUMMIT: SLIMMING REGISTRATION",4009,"User Tag"
"EMFHMB Attendee August 2024",3892,"User Tag"
"Trauma Recovery Attendee DEC 2024 RL",3180,"User Tag"
"Essential Oils",3072,"User Tag"
"FB TRS Attendee",3011,"User Tag"
"EO Summit Registration",3001,"User Tag"
"Holistic Sleep Summit Registrant",2905,"User Tag"
"Copywriting Summit Attendee (June 2024 RL)",2872,"User Tag"
"JUNE 2024 FB RL TRS ATTENDEE",2578,"User Tag"
"EO Newsletter",2553,"User Tag"
"Free Oils Book",2516,"User Tag"
"HSS2022 Trouble",2483,"User Tag"
"Dog Summit Registration",2433,"User Tag"
"2022 KBS (FB)",2270,"User Tag"
"Six Figure MasterClass Attendee",2264,"User Tag"
"Breathwork Summit Free Registrant",2232,"User Tag"
"2024 Breathwork Summit Free Registrant",2081,"User Tag"
"doTERRA Team",2045,"User Tag"
"2024 FB RL TRS Attendee",2007,"User Tag"
"Got Mold Summit Attendee",1986,"User Tag"
"April 2024 AI Mastery Attendee FB",1948,"User Tag"
"2024 SLS RL Registrant",1905,"User Tag"
"Internet Business Formula Attendee",1868,"User Tag"
"Long Covid Masterclass Attendee Oct RL",1738,"User Tag"
"doTERRA",1639,"User Tag"
"Affiliate Fest Attendee",1568,"User Tag"
"2024 BTS FREE REGISTRANT",1566,"User Tag"
"SM 3.0 Member Transfer",1538,"User Tag"
"Energy Blueprint Attendee",1491,"User Tag"
"2024 RL AI Mastery Attendee",1482,"User Tag"
"doterra-2018-10-30",1388,"User Tag"
"doTERRA Update 12.01.2018",1369,"User Tag"
"IMS July 2021 Registrant",1364,"User Tag"
"Advertiser",1339,"User Tag"
"Tax Lien REG 0410",1267,"User Tag"
"HERO SUMMIT REGISTRATION",1217,"User Tag"
"Slim Down Conference Attendee",1214,"User Tag"
"Six Figure MasterClass Attendee (FB)",1181,"User Tag"
"Nonfiction Secrets Attendee",1154,"User Tag"
"Copywriting Summit Attendee",1136,"User Tag"
"doTERRA Import 8/26/2018",1085,"User Tag"
"survival",1080,"User Tag"
"Kids Brain REG 0403",1060,"User Tag"
"Affiliate - Leadership Summit",1054,"User Tag"
"2021 Common Sense VIP",1039,"User Tag"
"OPS Registration 2021-1",1025,"User Tag"
"2021 MSS Attendee",1017,"User Tag"
"PTSD Masterclass Registration",1002,"User Tag"
"Got Mold Summit opt in (YouTube)",1000,"User Tag"
"IMS November Registration",990,"User Tag"
"doTERRA Leadership Summit Buyer",949,"User Tag"
"Online Privacy Free Registrant",940,"User Tag"
"doTERRA Leadership Summit Registeration",936,"User Tag"
"Kids Brain Attendee (Oct 2024 Relaunch)",896,"User Tag"
"Affiliate",798,"User Tag"
"UHCS 2019 Buyer - Ultimate Health Coaching Summit 2019",785,"User Tag"
"Long Covid Masterclass VIP Buyer",773,"User Tag"
"Summit JV",757,"User Tag"
"2021 HSS VIP Buyer",738,"User Tag"
"MMS SUMMIT REGISTRATION",712,"User Tag"
"Save My Thyroid VIP Buyer",697,"User Tag"
"Lavender Sample Order Step 1",672,"User Tag"
"Stanger Chiropractic",664,"User Tag"
"SpeakerFest Registrant",656,"User Tag"
"Publicity Summit Registration",651,"User Tag"
"AI Mastery Attendee",641,"User Tag"
"UHCS HAS OPENED LOGIN EMAIL",616,"User Tag"
"Energy Blueprint REG 0408",598,"User Tag"
"2023 SLS Registration",568,"User Tag"
"2020 Leadership Summit Buyer",498,"User Tag"
"2020 Leadership Summit Buyer Login Email Opened",469,"User Tag"
"HSS19 - Masterclass",464,"User Tag"
"2024 Yoga Summit Attendee",436,"User Tag"
"WEBINAR EO GENERAL",418,"User Tag"
"Full Potential Parenting Summit",415,"User Tag"
"Energy Blueprint September Attendee",401,"User Tag"
"Survivalist",396,"User Tag"
"PRS SUMMIT BUYER",393,"User Tag"
"2024 RL Holistic Sleep Attendee",389,"User Tag"
"Webinar Workshop Summit Attendee",388,"User Tag"
"Yoga Summit Registration",383,"User Tag"
"2019 Leadership Summit Buyer",381,"User Tag"
"OPS SUMMIT BUYER",377,"User Tag"
"Future Of Crypto Attendee",377,"User Tag"
"OGB-Builder",376,"User Tag"
"OPS Opened VIP login email",374,"User Tag"
"Paid Media Internal Summit Attendee",366,"User Tag"
"2022 Keto Registration",360,"User Tag"
"Survival Medical System - Opened Emails",354,"User Tag"
"PRS Has opened VIP login email",347,"User Tag"
"HSS November 22 Attendee",346,"User Tag"
"2022 BTS FREE",342,"User Tag"
"Systems and Marketing Summit Attendee",325,"User Tag"
"2019 Leadership Summit Buyer Email Opened",319,"User Tag"
"360 Speaker",307,"User Tag"
"Growth Hacking Summit Attendee",304,"User Tag"
"free oil offer",302,"User Tag"
"Blood Sugar Freedom Attendee",287,"User Tag"
"Six Figure Masterclass VIP Buyer",261,"User Tag"
"Business Affiliates",251,"User Tag"
"Speaker Import",246,"User Tag"
"SUMMIT: SLIMMING (BUYER)",240,"User Tag"
"Straight Talk Seminar Recordings",233,"User Tag"
"SMS - Opened Email",224,"User Tag"
"e-course",223,"User Tag"
"2024 Energy Blueprint Attendee",222,"User Tag"
"7-Figure Chiropractor Attendee",222,"User Tag"
"Holistic Sleep Summit Buyer",209,"User Tag"
"BALANCE SUMMIT REGISTRATION",198,"User Tag"
"Stanger Email #1 Opened",195,"User Tag"
"HSS Has Opened VIP Login Email",190,"User Tag"
"KDP Academy Webinar Registration",188,"User Tag"
"Breathwork Summit VIP Buyer",186,"User Tag"
"CoachingFEST Attendee",182,"User Tag"
"Long Covid Masterclass VIP Buyer (Oct RL)",181,"User Tag"
"Dog Training Summit Affiliate",179,"User Tag"
"Free Oregano Oil",179,"User Tag"
"2021-6 KBS Reg (FB)",178,"User Tag"
"Survival Medical System Webinar Registration",178,"User Tag"
"2025 Common Sense Attendee",177,"User Tag"
"EMFHMB VIP Buyer",171,"User Tag"
"Free EO Class",170,"User Tag"
"Speaker Impact Summit",170,"User Tag"
"Own Your Future Summit",166,"User Tag"
"Customer",158,"User Tag"
"SEPT 22 PUB REG",152,"User Tag"
"doTERRA Preferred Member",151,"User Tag"
"Traffic Tribe",150,"User Tag"
"SM Subscribers",149,"User Tag"
"BALANCE SUMMIT BUYER",148,"User Tag"
"6 Weeks Systems Course",145,"User Tag"
"Shatter The Stereotype Attendee",145,"User Tag"
"Survival Summit Registration",145,"User Tag"
"Indie Film Summit Attendee",131,"User Tag"
"DOG SUMMIT BUYER",129,"User Tag"
"Survivalist Summit Attendee",127,"User Tag"
"Nonfiction Secrets VIP Buyer",124,"User Tag"
"Slim Down Conference VIP Buyer",119,"User Tag"
"Subscriber",119,"User Tag"
"Webinar Workshop Summit Attendee FB",117,"User Tag"
"HEALTH COACH SUMMIT REGISTRATION",116,"User Tag"
"Health Affiliates",113,"User Tag"
"360 SUMMITS JV",109,"User Tag"
"doTERRA Customer",109,"User Tag"
"Kate Webinar",108,"User Tag"
"MMS SUMMIT BUYER",105,"User Tag"
"EMF Masterclass Buyer",99,"User Tag"
"Kids Brain VIP Buyer (Oct 2024 Relaunch)",94,"User Tag"
"D.A.P. Registration",92,"User Tag"
"YOGA SUMMIT JV",91,"User Tag"
"Survival Summit REG 0327",90,"User Tag"
"2021 DBHW REG",88,"User Tag"
"EMFHMB QS Buyer",88,"User Tag"
"GE OPS IMPORT",86,"User Tag"
"(FB) HVWS Attendee",85,"User Tag"
"Got Mold Summit VIP Buyer",85,"User Tag"
"INSPIRED MOM AFFILIATE",85,"User Tag"
"FREE EO BOOKS(5)",82,"User Tag"
"Potential Host/Speaker",82,"User Tag"
"YOGA SUMMIT BUYER",82,"User Tag"
"Copywriting Summit VIP Buyer",80,"User Tag"
"1shoppingcart",80,"User Tag"
"HEALTH COACH 2016 BUYER",80,"User Tag"
"2021 MSS JV",78,"User Tag"
"Free Peppermint Oil",75,"User Tag"
"SUSTAINABLE SUMMIT REGISTRATION",75,"User Tag"
"Active Promoters",74,"User Tag"
"IMS VIP (Oct 2021)",72,"User Tag"
"EMFHMB VIP Buyer (August 2024 RL)",71,"User Tag"
"MMS SUMMIT JV",70,"User Tag"
"2023 BTS FREE REGISTRANT",69,"User Tag"
"Internet Business Formula JV",69,"User Tag"
"INSPIRED MOM SUMMIT REGISTRATION",69,"User Tag"
"GOLD SUMMIT REGISTRATION",69,"User Tag"
"IMS VIP (July 2021)",68,"User Tag"
"AI Mastery VIP Buyer",68,"User Tag"
"Chiro Success Summit",68,"User Tag"
"OPS SUMMIT BUYER 2020-1",67,"User Tag"
"PANDEMIC RECOVERY SUMMIT JV",67,"User Tag"
"Next Speed Networking Attendee",66,"User Tag"
"Lead Generation Summit Attendee",65,"User Tag"
"Shemitah Video Opt In",62,"User Tag"
"Systems & Marketing Summit JV",61,"User Tag"
"Online Privacy Summit VIP Buyer",61,"User Tag"
"2021 Common Sense JV",60,"User Tag"
"Affiliate Fest JV",59,"User Tag"
"Trauma Recovery Buyer DEC 2024 RL",58,"User Tag"
"GOLD SUMMIT BUYER",58,"User Tag"
"Publicity Summit Buyer",57,"User Tag"
"Survival Summit Buyer",57,"User Tag"
"Survival Medical System Webinar (BUYER)",57,"User Tag"
"BALANCE SUMMIT JV",57,"User Tag"
"360 Summits Platinum Pass Buyer",56,"User Tag"
"2024 Breathwork Summit VIP Buyer",56,"User Tag"
"EMFMC QS Guide Buyer",56,"User Tag"
"SpeakerFest VIP Buyer",54,"User Tag"
"2024 Acquisition Attendee",53,"User Tag"
"Survival Medical System Webinar (non-buyer)",53,"User Tag"
"2022 KBVS Buyer (FB)",53,"User Tag"
"Dog Summit Interested",49,"User Tag"
"Tax Lien VIP 0410",49,"User Tag"
"gfs-stream",49,"User Tag"
"OYF SUMMIT BUYER",48,"User Tag"
"Email clicked(food4patriots)Dec14",45,"User Tag"
"Inspired Mom Recd Day1",45,"User Tag"
"Kids Brain JV (0403)",44,"User Tag"
"2022 BTS VIP",43,"User Tag"
"Affiliate Fest VIP Buyer",43,"User Tag"
"2024 Yoga Summit VIP buyer",42,"User Tag"
"Write Killer Copy Fast BONUS Buyer",42,"User Tag"
"Kids Brain JV",42,"User Tag"
"Mold Pro Toolkit Buyer",42,"User Tag"
"2021 HSS JV",41,"User Tag"
"2024 RL AI Mastery Buyer",41,"User Tag"
"Science of Slim Speaker",40,"User Tag"
"UHCSS",40,"User Tag"
"SUMMIT: SLIMMING JV",39,"User Tag"
"DOES NOT PROMOTE",39,"User Tag"
"PTSD Masterclass Buyer",39,"User Tag"
"Kids Brain VIP (0403)",39,"User Tag"
"Copywriting Summit VIP Buyer (2024)",39,"User Tag"
"sub renewal",39,"User Tag"
"Breathwork Summit JV",37,"User Tag"
"Paid Media Masterclass Attendee",37,"User Tag"
"Save My Thyroid JV",37,"User Tag"
"HERO SUMMIT BUYER",37,"User Tag"
"360 Summits Speaker Application",36,"User Tag"
"Hero Summit Has Opened VIP Login Email",35,"User Tag"
"Energy Blueprint September VIP Buyer",34,"User Tag"
"2021 MSS VIP Buyer",33,"User Tag"
"2023 SLS VIP",33,"User Tag"
"EMFMC QS Guide Buyer (August 2024 RL)",32,"User Tag"
"Website Upgrade",31,"User Tag"
"Future Of Crypto Affiliate",31,"User Tag"
"OPS 2021 JV",30,"User Tag"
"2022 BTS AFFILIATE",30,"User Tag"
"2024 RL SpeakerFest Attendee",30,"User Tag"
"HEALTH COACH JV",30,"User Tag"
"Balance Summit Affiliate",30,"User Tag"
"Mastering High Ticket JV",30,"User Tag"
"OG-New Member",29,"User Tag"
"IMS July 2021 JV",29,"User Tag"
"7-Figure Chiropractor VIP Buyer",29,"User Tag"
"JULY 2024 PUB REG",29,"User Tag"
"Advertiser #28",29,"User Tag"
"HSS 2022 OCT Attendee",28,"User Tag"
"Internet Business Formula VIP Buyer",28,"User Tag"
"gfs-recording",28,"User Tag"
"HCSS JV Membership",28,"User Tag"
"Publicity Summit JV",27,"User Tag"
"Got Mold Summit JV",27,"User Tag"
"doTERRA Oil User",26,"User Tag"
"INSPIRED MOM JV MOVE",26,"User Tag"
"GOLD SUMMIT JV",26,"User Tag"
"00 Mom Conf Spkr",25,"User Tag"
"OPS 2021 BT Headset Upgrade Declined",25,"User Tag"
"Heirloom Seeds",25,"User Tag"
"AI Mastery Affiliate",25,"User Tag"
"Webinar Workshop VIP Buyer",25,"User Tag"
"SM Current Paid Subscriber",25,"User Tag"
"republic",25,"User Tag"
"2023 BTS AFFILIATE",25,"User Tag"
"Summit Host Partner",24,"User Tag"
"SUSTAINABLE SUMMIT BUYER",24,"User Tag"
"Advertiser #20",24,"User Tag"
"2023 SLS JV",23,"User Tag"
"SL Tactical Pen Opens",23,"User Tag"
"SL Tactical Pen Clicked",23,"User Tag"
"KDP ACADEMY MEMBER",23,"User Tag"
"Affiliate: Survivalist",22,"User Tag"
"Affiliate Survival Summit",22,"User Tag"
"JUNE 2024 FB RL TRS BUYER",21,"User Tag"
"Advertiser #26",21,"User Tag"
"INSPIRED MOM SUMMIT BUYER",21,"User Tag"
"Trauma Recovery VIP Buyer SM",20,"User Tag"
"Advertiser #29",20,"User Tag"
"legacy-user",20,"User Tag"
"Advertiser #19",20,"User Tag"
"Systems & Marketing Summit VIP Buyer",19,"User Tag"
"Republic Magazine Newsletter",19,"User Tag"
"Free TerraShield Essential Oil",19,"User Tag"
"bug out seed kit",19,"User Tag"
"2024 FB RL TRS Buyer",18,"User Tag"
"2024 SLF RL VIP Buyer",18,"User Tag"
"UHCS 2019 Buyer Refund/Chargeback",18,"User Tag"
"doTERRA Detox Webinar Attendee",18,"User Tag"
"Advertiser #25",18,"User Tag"
"CombatBlueprint Buyer",18,"User Tag"
"Blood Sugar Freedom VIP Buyer",18,"User Tag"
"Advertiser #18",18,"User Tag"
"Advertiser #21",18,"User Tag"
"New Summit Host",17,"User Tag"
"Advertiser #23",17,"User Tag"
"Acquisition Summit JV",16,"User Tag"
"Write Killer Copy Fast BONUS Buyer (2024)",16,"User Tag"
"Advertiser #30",16,"User Tag"
"Seed Order Single",16,"User Tag"
"Writer",16,"User Tag"
"SM2020 SUMMIT REGISTRATION",15,"User Tag"
"SM Digital Member",15,"User Tag"
"Mental Wellness Summit Speaker",15,"User Tag"
"AIO Certification Buyer",15,"User Tag"
"Energy Blueprint VIP Buyer",15,"User Tag"
"EMFHMB EPF Buyer",15,"User Tag"
"Growth Hacking Summit VIP Buyer",15,"User Tag"
"April 2024 AI Mastery Buyer FB",15,"User Tag"
"Advertiser #27",15,"User Tag"
"2025 Common Sense Buyer",15,"User Tag"
"detox webinar",15,"User Tag"
"2024 BTS VIP",15,"User Tag"
"Advertiser #22",15,"User Tag"
"OG-Beginner Level 2",14,"User Tag"
"SpeakerFest JV Affiliate",14,"User Tag"
"360 Summits JV New Signup",14,"User Tag"
"July 2024 RL SLS Registrant",14,"User Tag"
"Survivalist MONTHLY",14,"User Tag"
"ONTRAPORT_Collections at Migration",14,"User Tag"
"Advertiser #15",14,"User Tag"
"SM2020 Opened Survey Email",13,"User Tag"
"OG-Intermediate",13,"User Tag"
"Six Figure Buyer (FB)",13,"User Tag"
"Advertiser #24",13,"User Tag"
"OPS 2021 BT Headset Upgrade Failed",12,"User Tag"
"Energy Blueprint September JV",12,"User Tag"
"Future Of Crypto Buyer",12,"User Tag"
"Mastermind June 6",12,"User Tag"
"2025 Common Sense JV",12,"User Tag"
"Save My Thyroid JV 0508",11,"User Tag"
"7-Figure Chiropractor JV",11,"User Tag"
"UHCS 2019 Registrant - Ultimate Health Coaching Summit 2019",11,"User Tag"
"One Hour Cash Machine Buyer",11,"User Tag"
"Delete Me",11,"User Tag"
"BOOK: GREENHOUSE",11,"User Tag"
"doTERRA Builder",10,"User Tag"
"IMS JV 2021 (Nov)",10,"User Tag"
"APR MASTERMIND ATTENDEE",10,"User Tag"
"For Networking",10,"User Tag"
"IMS October 2021 Registrant",10,"User Tag"
"Nonfiction Secrets JV",10,"User Tag"
"2022 Hero Registration",10,"User Tag"
"Holistic Sleep REG 0508",10,"User Tag"
"Survival Still",10,"User Tag"
"Home Essential Kit",10,"User Tag"
"doTERRA HE Kit Order",10,"User Tag"
"Paid Media Summit VIP Buyer",10,"User Tag"
"2021 GCS Attendee",10,"User Tag"
"Paid Media Attendee",9,"User Tag"
"Common Sense REG 0424",9,"User Tag"
"(FB) HVWS Interested",9,"User Tag"
"Super List Challenge",9,"User Tag"
"Pod Parrot Podcast Appointment",9,"User Tag"
"Patriot Newsletter",9,"User Tag"
"SM2020 SUMMIT JV",8,"User Tag"
"10k in 10 Days Group",8,"User Tag"
"Leon Contact",8,"User Tag"
"Sun Oven",8,"User Tag"
"2023 BTS VIP",8,"User Tag"
"Mastermind June 10",8,"User Tag"
"EO Book: Basil",8,"User Tag"
"OILS CLASS HEK ORDER",7,"User Tag"
"HEK UPGRADE",7,"User Tag"
"SLEEP ACCELERATOR BUYER",7,"User Tag"
"2024 RL Holistic Sleep VIP Buyer",7,"User Tag"
"doTERRA Exclude for Email",7,"User Tag"
"Free Melaleuca Oil",7,"User Tag"
"Survivalist Webinars",7,"User Tag"
"Survival Water System",7,"User Tag"
"water report",7,"User Tag"
"WEBINAR REG ATHLETES PERFORMANCE",7,"User Tag"
"Survivalist LIFETIME",7,"User Tag"
"Online Summit System Buyer",7,"User Tag"
"Advertiser #31",7,"User Tag"
"Mastermind Official Member",7,"User Tag"
"Mastering High Ticket Attendee",6,"User Tag"
"HSS Presenter",6,"User Tag"
"2024 Arise & Unwind Order Bump Buyer",6,"User Tag"
"Potential Summit Host",6,"User Tag"
"EMF OTO 1 August 2024 Buyer",6,"User Tag"
"Killer Offer Creation Buyer",6,"User Tag"
"doTERRA Detox Webinar Non Buyer",6,"User Tag"
"webinar",6,"User Tag"
"Survivalist Affiliate",6,"User Tag"
"Combat Blueprint Upsell NO",6,"User Tag"
"Survivalist $7.99",5,"User Tag"
"One Diet 4 Life BOOK Buyer",5,"User Tag"
"HCMS 2023 Registrant",5,"User Tag"
"D.A.P. VIP Buyer",5,"User Tag"
"2024 Energy Blueprint VIP Buyer",5,"User Tag"
"Long Covid Masterclass JV",5,"User Tag"
"Paid Media Internal Summit JV",5,"User Tag"
"Yoga (YouTube) Attendee",5,"User Tag"
"Common Sense VIP 0424",5,"User Tag"
"Holistic Sleep VIP 0508",5,"User Tag"
"Energy Blueprint VIP 0408",5,"User Tag"
"Survivalist Renewal Offered",5,"User Tag"
"UVPaqlite Small Kit",5,"User Tag"
"Survivalist Renewal Accepted",5,"User Tag"
"Survivalist TRIAL",5,"User Tag"
"Paid Media Summit Attendee (Dec 2024)",5,"User Tag"
"2022 Keto VIP Buyer",5,"User Tag"
"Patriot Newsletter Gp2",5,"User Tag"
"Advertiser #32",5,"User Tag"
"Advertiser #33",5,"User Tag"
"HERO SUMMIT JV",5,"User Tag"
"HERO Summit Speaker",5,"User Tag"
"SUMMIT: Healthy Pregnancy",4,"User Tag"
"LONGEVITY H.A.S. JV",4,"User Tag"
"2023 TRS FREE REGISTRANT",4,"User Tag"
"Trauma Recovery Attendee (FB)",4,"User Tag"
"Breathwork Blueprint Legend Buyer",4,"User Tag"
"Frequent Flyer Magazine",4,"User Tag"
"D.A.P. JV",4,"User Tag"
"IG BUYER",4,"User Tag"
"S&M Launch Kit Buyer",4,"User Tag"
"Free Lemon Oil",4,"User Tag"
"Shatter The Stereotypes Summit VIP Buyer",4,"User Tag"
"CoachingFEST VIP Buyer",4,"User Tag"
"UVPaqlite Large Kit",4,"User Tag"
"Arctic Filters Platinum Pack (6)",4,"User Tag"
"OG-Intermediate Level 2",4,"User Tag"
"ECOM360 SUMMIT REGISTRATION",4,"User Tag"
"Family Physician Kit",4,"User Tag"
"SEPT 22 PUB VIP BUYER",4,"User Tag"
"2020 EO SUMMIT AFFILIATE",4,"User Tag"
"Productivity Summit Attendee",3,"User Tag"
"BTC Summit VIP BUYER",3,"User Tag"
"HSS 2022 October JV",3,"User Tag"
"HVR 2023 Buyer",3,"User Tag"
"HVR 2022 Summit VIP Pass",3,"User Tag"
"Survivalist Summit JV",3,"User Tag"
"Growth Hacking Summit JV",3,"User Tag"
"Slim Down Conference JV",3,"User Tag"
"Webinar Workshop Summit JV",3,"User Tag"
"OSS Lead",3,"User Tag"
"Breathwork Lifestyle Core Offer Buyer",3,"User Tag"
"Webinar Workshop Buyer FB",3,"User Tag"
"Webinar Workshop 9.97",3,"User Tag"
"Traffic Trifecta Buyer",3,"User Tag"
"SOP Frameworks Buyer",3,"User Tag"
"CoachingFEST JV",3,"User Tag"
"Shattering Black Male Stereotype Bump Buyer",3,"User Tag"
"Camp Fema",3,"User Tag"
"Heirloom Seed Kit Single Can $99",3,"User Tag"
"Sept doTERRA Promo",3,"User Tag"
"Writer Application",3,"User Tag"
"Survival Water System Registered",3,"User Tag"
"Survivalist Contact",3,"User Tag"
"SpeakerFest - SpeakerTunity Members Only - Silver 6 Months",3,"User Tag"
"2021-6 KBS Buyer (FB)",3,"User Tag"
"Green Plant Summit VIP Pass",3,"User Tag"
"2024 SLS RL JV",3,"User Tag"
"2024 SLF RL OTO Buyer",3,"User Tag"
"Recipe Book: Beef Brisket",3,"User Tag"
"EO Book: Black Pepper",3,"User Tag"
"Patriot Newsletter EM Group 3 of 5",3,"User Tag"
"Recipe Book: Ramen Noodle",3,"User Tag"
"SUMMIT: EO BUYER",2,"User Tag"
"Freedom Summit Insiders List",2,"User Tag"
"2021 DBHW VIP",2,"User Tag"
"WCKF Toolkit",2,"User Tag"
"Acquisition Attendee",2,"User Tag"
"Six Figure MasterClass JV",2,"User Tag"
"21-Day Spice Yourself Skinny Buyer",2,"User Tag"
"Tiny Changes&#44",2,"User Tag"
"BIG Weight Loss Buyer",2,"User Tag"
"Paid Media JV",2,"User Tag"
"SM3 mail",2,"User Tag"
"SAVE MY THYROID ACCELERATOR Buyer",2,"User Tag"
"Patriot Newsletter Gp1",2,"User Tag"
"Patriot Newsletter EM Group 1 of 5",2,"User Tag"
"General Question",2,"User Tag"
"Bug Out Bag Webinar Registration",2,"User Tag"
"Arctic FiIters Gold Pack (3)",2,"User Tag"
"Survival Still Webinar Registration",2,"User Tag"
"OP: Yahoo missed send 8/22/2016",2,"User Tag"
"2024 Yoga Summit JV",2,"User Tag"
"2024 Relationship Rescue Workbook",2,"User Tag"
"MastermindPlus Gold",2,"User Tag"
"Patriot Newsletter EM Group 2 of 5",2,"User Tag"
"Advertiser #34",2,"User Tag"
"Advertiser #35",2,"User Tag"
"Advertiser #36",2,"User Tag"
"Advertiser #37",2,"User Tag"
"Advertiser #38",2,"User Tag"
"CEMPROTEC 33 EMF Meter Buyer",2,"User Tag"
"EMFHMB CEM33 Buyer",2,"User Tag"
"July 2024 RL SLS VIP Buyer",2,"User Tag"
"Shatter The Stereotypes JV",2,"User Tag"
"HSS SUMMIT REFUND",2,"User Tag"
"GUWYSW",2,"User Tag"
"0-ValueSequence",2,"User Tag"
"BOOK: 4th of July Recipes",2,"User Tag"
"MastermindPlus Silver",2,"User Tag"
"Website Upgrade HCS Summit",2,"User Tag"
"2024 Yoga Summit Upsell Buyer",2,"User Tag"
"Yoga Summit $7 Buyer",2,"User Tag"
"Yoga Summit $17 Pkg Buyer",2,"User Tag"
"HSS SUMMIT REGISTRATION",2,"User Tag"
"HSS (FB) Registration",2,"User Tag"
"Mastermind June 15",2,"User Tag"
"THYROID BOOTCAMP Buyer",2,"User Tag"
"Save My Thyroid REG 0508",2,"User Tag"
"MFS VIP Buyer",2,"User Tag"
"2022 Keto Affiliate",2,"User Tag"
"Affiliate Marketing Mastermind",2,"User Tag"
"Fitness Mastery Summit Affiliate",1,"User Tag"
"FFM Segment 4",1,"User Tag"
"Nonfiction Secrets Upsell #1 Buyer",1,"User Tag"
"EMF Registration",1,"User Tag"
"OPS 2021 BT Headset Upgrade",1,"User Tag"
"FR-PrivateConsultation",1,"User Tag"
"Lead Generation Super Summit VIP Buyer",1,"User Tag"
"SpeakerFest - SpeakerTunity Members Only - Gold 6 Months",1,"User Tag"
"emailtest",1,"User Tag"
"Relationship Rescue 3 Day Challenge",1,"User Tag"
"Copywriting Summit JV",1,"User Tag"
"Energy Blueprint JV",1,"User Tag"
"Customers For Life Program Buyer",1,"User Tag"
"Acquisition Summit Buyer",1,"User Tag"
"FFM Segment 2",1,"User Tag"
"FFM Segment 5",1,"User Tag"
"CombatBlueprint Failed",1,"User Tag"
"Paid Media Masterclass JV",1,"User Tag"
"MastermindPLUS Strategy Session App",1,"User Tag"
"Online Summit System Partner",1,"User Tag"
"Dr. Melissa Subscriber",1,"User Tag"
"Weight Loss Affiliate",1,"User Tag"
"Eblast",1,"User Tag"
"Advertising Question",1,"User Tag"
"Ditigal Subscription Problem",1,"User Tag"
"Platinum Pass $17 Promo Upgrade",1,"User Tag"
"Mastermind w/ res fee",1,"User Tag"
"Premium Essential Oils Kit",1,"User Tag"
"doTERRA EOK UPGRADE YES",1,"User Tag"
"OILS CLASS FEK ORDER",1,"User Tag"
"OILS CLASS OEK ORDER",1,"User Tag"
"EOK UPGRADE",1,"User Tag"
"FFM Segment 1",1,"User Tag"
"(FB) HVWS JV",1,"User Tag"
"DOG SUMMIT JV",1,"User Tag"
"RSVP",1,"User Tag"
"OP Engineering says: Suspected Spam",1,"User Tag"
"HCMS 2023 JV",1,"User Tag"
"100+ Summit Opt-Ins",1,"User Tag"
"Keto Summit Speaker",1,"User Tag"